numberDay,weekDay,year,attendance,annualTot,tempHigh,tempLow,precip,ticketPrice,recordDailyAttendAllTime2024
1,Thursday,2024,138875,1925904,73,60,yes,$18 ,138875
2,Friday,2024,171233,1925904,81,64,no,$18 ,171233
3,Saturday,2024,184564,1925904,85,65,no,$18 ,222194
4,Sunday,2024,134644,1925904,87,73,no,$18 ,209969
5,Monday,2024,80546,1925904,92,70,yes,$18 ,144504
6,Tuesday,2024,124777,1925904,79,67,yes,$18 ,136987
7,Wednesday,2024,145531,1925904,76,64,no,$18 ,145531
8,Thursday,2024,81231,1925904,89,66,yes,$18 ,156764
9,Friday,2024,225521,1925904,79,61,no,$18 ,225521
10,Saturday,2024,207078,1925904,85,61,no,$18 ,270426
11,Sunday,2024,256015,1925904,74,59,no,$18 ,256015
12,Monday,2024,175889,1925904,75,56,no,$18 ,184740
1,Thursday,2023,106327,1835826,88,70,no,$18 ,138875
2,Friday,2023,164741,1835826,91,70,no,$18 ,171233
3,Saturday,2023,212850,1835826,75,62,no,$18 ,222194
4,Sunday,2023,173724,1835826,79,57,yes,$18 ,209969
5,Monday,2023,134146,1835826,88,64,no,$18 ,144504
6,Tuesday,2023,134952,1835826,85,64,no,$18 ,136987
7,Wednesday,2023,128068,1835826,80,61,no,$18 ,145531
8,Thursday,2023,129501,1835826,83,60,no,$18 ,156764
9,Friday,2023,190290,1835826,90,61,no,$18 ,225521
10,Saturday,2023,200170,1835826,91,72,no,$18 ,270426
11,Sunday,2023,141326,1835826,97,75,no,$18 ,256015
12,Monday,2023,119731,1835826,98,74,no,$18 ,184740
1,Thursday,2022,121478,1842222,79,65,no,$17 ,138875
2,Friday,2022,153367,1842222,80,61,no,$17 ,171233
3,Saturday,2022,157878,1842222,80,66,yes,$17 ,222194
4,Sunday,2022,161252,1842222,80,68,yes,$17 ,209969
5,Monday,2022,120288,1842222,80,66,no,$17 ,144504
6,Tuesday,2022,112922,1842222,79,60,no,$17 ,136987
7,Wednesday,2022,111861,1842222,89,63,no,$17 ,145531
8,Thursday,2022,117077,1842222,88,68,no,$17 ,156764
9,Friday,2022,157422,1842222,88,68,no,$17 ,225521
10,Saturday,2022,249490,1842222,76,59,no,$17 ,270426
11,Sunday,2022,222202,1842222,76,52,no,$17 ,256015
12,Monday,2022,156985,1842222,75,58,no,$17 ,184740
1,Thursday,2021,61983,1301584,77,63,yes,$16 ,138875
2,Friday,2021,77406,1301584,76,68,yes,$16 ,171233
3,Saturday,2021,129984,1301584,83,67,yes,$16 ,222194
4,Sunday,2021,149247,1301584,81,66,yes,$16 ,209969
5,Monday,2021,91568,1301584,83,62,no,$16 ,144504
6,Tuesday,2021,89618,1301584,79,63,no,$16 ,136987
7,Wednesday,2021,88027,1301584,77,56,no,$16 ,145531
8,Thursday,2021,80778,1301584,77,59,no,$16 ,156764
9,Friday,2021,102020,1301584,67,58,yes,$16 ,225521
10,Saturday,2021,153953,1301584,62,58,no,$16 ,270426
11,Sunday,2021,153422,1301584,76,55,no,$16 ,256015
12,Monday,2021,123578,1301584,75,51,no,$16 ,184740
1,Thursday,2020,0,0,88,72,no,$0 ,138875
2,Friday,2020,0,0,82,65,yes,$0 ,171233
3,Saturday,2020,0,0,77,59,no,$0 ,222194
4,Sunday,2020,0,0,78,59,no,$0 ,209969
5,Monday,2020,0,0,74,59,yes,$0 ,144504
6,Tuesday,2020,0,0,71,58,no,$0 ,136987
7,Wednesday,2020,0,0,82,57,no,$0 ,145531
8,Thursday,2020,0,0,76,55,no,$0 ,156764
9,Friday,2020,0,0,74,52,no,$0 ,225521
10,Saturday,2020,0,0,78,54,no,$0 ,270426
11,Sunday,2020,0,0,83,61,yes,$0 ,256015
12,Monday,2020,0,0,64,50,yes,$0 ,184740
1,Thursday,2019,133326,2126551,75,60,no,$15 ,138875
2,Friday,2019,157224,2126551,77,58,no,$15 ,171233
3,Saturday,2019,209105,2126551,76,62,no,$15 ,222194
4,Sunday,2019,191524,2126551,75,61,no,$15 ,209969
5,Monday,2019,96716,2126551,71,64,yes,$15 ,144504
6,Tuesday,2019,136987,2126551,73,59,no,$15 ,136987
7,Wednesday,2019,142211,2126551,73,57,no,$15 ,145531
8,Thursday,2019,153274,2126551,74,57,no,$15 ,156764
9,Friday,2019,209789,2126551,76,53,no,$15 ,225521
10,Saturday,2019,266412,2126551,75,58,no,$15 ,270426
11,Sunday,2019,245243,2126551,72,59,yes,$15 ,256015
12,Monday,2019,184740,2126551,75,63,yes,$15 ,184740
1,Thursday,2018,122695,2046533,76,60,no,$14 ,138875
2,Friday,2018,108059,2046533,72,65,yes,$14 ,171233
3,Saturday,2018,222194,2046533,78,65,no,$14 ,222194
4,Sunday,2018,184716,2046533,85,67,no,$14 ,209969
5,Monday,2018,124438,2046533,84,66,yes,$14 ,144504
6,Tuesday,2018,120209,2046533,66,56,yes,$14 ,136987
7,Wednesday,2018,144940,2046533,72,52,no,$14 ,145531
8,Thursday,2018,156764,2046533,77,55,no,$14 ,156764
9,Friday,2018,179402,2046533,85,68,yes,$14 ,225521
10,Saturday,2018,270426,2046533,88,72,no,$14 ,270426
11,Sunday,2018,241102,2046533,82,68,yes,$14 ,256015
12,Monday,2018,171588,2046533,76,68,no,$14 ,184740
1,Thursday,2017,117877,1997320,73,59,no,$14 ,138875
2,Friday,2017,125324,1997320,71,57,yes,$14 ,171233
3,Saturday,2017,158525,1997320,67,60,yes,$14 ,222194
4,Sunday,2017,197891,1997320,73,63,yes,$14 ,209969
5,Monday,2017,144504,1997320,74,61,no,$14 ,144504
6,Tuesday,2017,132120,1997320,80,58,no,$14 ,136987
7,Wednesday,2017,119975,1997320,83,62,no,$14 ,145531
8,Thursday,2017,145549,1997320,71,56,no,$14 ,156764
9,Friday,2017,187066,1997320,72,53,no,$14 ,225521
10,Saturday,2017,254431,1997320,82,64,no,$14 ,270426
11,Sunday,2017,242759,1997320,85,60,no,$14 ,256015
12,Monday,2017,171299,1997320,76,55,yes,$14 ,184740
1,Thursday,2016,111902,1943719,74,61,no,$13 ,138875
2,Friday,2016,141023,1943719,72,57,no,$13 ,171233
3,Saturday,2016,180567,1943719,69,63,no,$13 ,222194
4,Sunday,2016,177906,1943719,85,61,no,$13 ,209969
5,Monday,2016,119522,1943719,86,67,yes,$13 ,144504
6,Tuesday,2016,126354,1943719,81,64,yes,$13 ,136987
7,Wednesday,2016,118042,1943719,80,58,no,$13 ,145531
8,Thursday,2016,133773,1943719,77,60,no,$13 ,156764
9,Friday,2016,182926,1943719,76,57,no,$13 ,225521
10,Saturday,2016,260374,1943719,76,59,no,$13 ,270426
11,Sunday,2016,233303,1943719,79,60,no,$13 ,256015
12,Monday,2016,158027,1943719,81,67,yes,$13 ,184740
1,Thursday,2015,110267,1779738,76,59,no,$13 ,138875
2,Friday,2015,114292,1779738,76,59,no,$13 ,171233
3,Saturday,2015,188636,1779738,74,56,no,$13 ,222194
4,Sunday,2015,179724,1779738,81,62,no,$13 ,209969
5,Monday,2015,130083,1779738,86,63,no,$13 ,144504
6,Tuesday,2015,104697,1779738,86,69,no,$13 ,136987
7,Wednesday,2015,100142,1779738,78,69,yes,$13 ,145531
8,Thursday,2015,123733,1779738,84,67,no,$13 ,156764
9,Friday,2015,159639,1779738,89,71,no,$13 ,225521
10,Saturday,2015,211126,1779738,89,75,no,$13 ,270426
11,Sunday,2015,178532,1779738,83,70,yes,$13 ,256015
12,Monday,2015,178867,1779738,82,67,no,$13 ,184740
1,Thursday,2014,94256,1824830,85,70,yes,$13 ,138875
2,Friday,2014,118606,1824830,79,70,no,$13 ,171233
3,Saturday,2014,178498,1824830,77,69,no,$13 ,222194
4,Sunday,2014,164192,1824830,89,73,yes,$13 ,209969
5,Monday,2014,137813,1824830,79,64,no,$13 ,144504
6,Tuesday,2014,133595,1824830,76,56,no,$13 ,136987
7,Wednesday,2014,125816,1824830,78,59,no,$13 ,145531
8,Thursday,2014,118047,1824830,72,61,no,$13 ,156764
9,Friday,2014,145026,1824830,80,66,yes,$13 ,225521
10,Saturday,2014,252092,1824830,77,64,yes,$13 ,270426
11,Sunday,2014,197459,1824830,85,62,yes,$13 ,256015
12,Monday,2014,159430,1824830,78,65,yes,$13 ,184740
1,Thursday,2013,106852,1731162,87,68,no,$12 ,138875
2,Friday,2013,121941,1731162,88,64,no,$12 ,171233
3,Saturday,2013,170986,1731162,90,71,no,$12 ,222194
4,Sunday,2013,145706,1731162,96,80,no,$12 ,209969
5,Monday,2013,102935,1731162,97,80,no,$12 ,144504
6,Tuesday,2013,94076,1731162,96,79,no,$12 ,136987
7,Wednesday,2013,116348,1731162,92,73,no,$12 ,145531
8,Thursday,2013,117480,1731162,95,75,no,$12 ,156764
9,Friday,2013,158164,1731162,85,72,no,$12 ,225521
10,Saturday,2013,196200,1731162,89,66,no,$12 ,270426
11,Sunday,2013,236197,1731162,75,61,no,$12 ,256015
12,Monday,2013,164277,1731162,68,55,no,$12 ,184740
1,Thursday,2012,103738,1788512,86,70,no,$12 ,138875
2,Friday,2012,117040,1788512,89,66,no,$12 ,171233
3,Saturday,2012,152646,1788512,76,67,yes,$12 ,222194
4,Sunday,2012,185485,1788512,86,61,no,$12 ,209969
5,Monday,2012,133781,1788512,87,66,no,$12 ,144504
6,Tuesday,2012,121097,1788512,84,69,no,$12 ,136987
7,Wednesday,2012,118193,1788512,93,69,no,$12 ,145531
8,Thursday,2012,101379,1788512,92,72,no,$12 ,156764
9,Friday,2012,164694,1788512,86,63,no,$12 ,225521
10,Saturday,2012,226863,1788512,86,65,no,$12 ,270426
11,Sunday,2012,210836,1788512,88,62,no,$12 ,256015
12,Monday,2012,152760,1788512,92,70,no,$12 ,184740
1,Thursday,2011,101658,1769872,83,63,no,$12 ,138875
2,Friday,2011,123735,1769872,87,66,no,$12 ,171233
3,Saturday,2011,177166,1769872,79,60,no,$12 ,222194
4,Sunday,2011,171689,1769872,78,59,no,$12 ,209969
5,Monday,2011,124538,1769872,81,59,no,$12 ,144504
6,Tuesday,2011,99747,1769872,71,64,no,$12 ,136987
7,Wednesday,2011,111891,1769872,85,64,no,$12 ,145531
8,Thursday,2011,104131,1769872,94,71,no,$12 ,156764
9,Friday,2011,154995,1769872,82,72,no,$12 ,225521
10,Saturday,2011,215847,1769872,81,60,no,$12 ,270426
11,Sunday,2011,229943,1769872,71,53,no,$12 ,256015
12,Monday,2011,154532,1769872,72,48,no,$12 ,184740
1,Thursday,2010,119145,1776211,79,56,no,$11 ,138875
2,Friday,2010,132738,1776211,88,63,no,$11 ,171233
3,Saturday,2010,175621,1776211,89,67,no,$11 ,222194
4,Sunday,2010,165784,1776211,94,68,no,$11 ,209969
5,Monday,2010,113637,1776211,92,77,no,$11 ,144504
6,Tuesday,2010,105848,1776211,86,68,yes,$11 ,136987
7,Wednesday,2010,126823,1776211,77,60,no,$11 ,145531
8,Thursday,2010,116250,1776211,73,59,yes,$11 ,156764
9,Friday,2010,155185,1776211,61,51,no,$11 ,225521
10,Saturday,2010,234384,1776211,69,48,no,$11 ,270426
11,Sunday,2010,210570,1776211,73,50,no,$11 ,256015
12,Monday,2010,120226,1776211,71,59,yes,$11 ,184740
1,Thursday,2009,114439,1790497,78,58,no,$11 ,138875
2,Friday,2009,124991,1790497,78,58,yes,$11 ,171233
3,Saturday,2009,189077,1790497,66,51,no,$11 ,222194
4,Sunday,2009,191071,1790497,68,49,no,$11 ,209969
5,Monday,2009,131705,1790497,70,51,no,$11 ,144504
6,Tuesday,2009,129423,1790497,72,51,no,$11 ,136987
7,Wednesday,2009,110931,1790497,74,53,no,$11 ,145531
8,Thursday,2009,122732,1790497,74,54,no,$11 ,156764
9,Friday,2009,155805,1790497,76,53,no,$11 ,225521
10,Saturday,2009,207075,1790497,79,56,no,$11 ,270426
11,Sunday,2009,186324,1790497,79,59,no,$11 ,256015
12,Monday,2009,126924,1790497,79,58,no,$11 ,184740
1,Thursday,2008,103974,1693263,84,65,no,$11 ,138875
2,Friday,2008,96993,1693263,87,69,no,$11 ,171233
3,Saturday,2008,171663,1693263,74,58,no,$11 ,222194
4,Sunday,2008,183258,1693263,78,54,no,$11 ,209969
5,Monday,2008,130767,1693263,78,56,no,$11 ,144504
6,Tuesday,2008,117196,1693263,80,57,no,$11 ,136987
7,Wednesday,2008,88228,1693263,76,60,yes,$11 ,145531
8,Thursday,2008,116143,1693263,79,60,no,$11 ,156764
9,Friday,2008,165194,1693263,82,55,no,$11 ,225521
10,Saturday,2008,209399,1693263,86,57,no,$11 ,270426
11,Sunday,2008,189228,1693263,85,64,no,$11 ,256015
12,Monday,2008,121220,1693263,88,68,no,$11 ,184740
1,Thursday,2007,79192,1681678,71,63,yes,$11 ,138875
2,Friday,2007,122632,1681678,79,62,no,$11 ,171233
3,Saturday,2007,182277,1681678,78,60,no,$11 ,222194
4,Sunday,2007,175195,1681678,83,60,no,$11 ,209969
5,Monday,2007,108732,1681678,81,67,yes,$11 ,144504
6,Tuesday,2007,87205,1681678,79,69,yes,$11 ,136987
7,Wednesday,2007,114355,1681678,76,60,no,$11 ,145531
8,Thursday,2007,127898,1681678,77,55,no,$11 ,156764
9,Friday,2007,161807,1681678,83,58,no,$11 ,225521
10,Saturday,2007,200813,1681678,83,62,no,$11 ,270426
11,Sunday,2007,190531,1681678,87,64,no,$11 ,256015
12,Monday,2007,131041,1681678,90,64,no,$11 ,184740
1,Thursday,2006,75910,1680579,70,65,yes,$9 ,138875
2,Friday,2006,112065,1680579,73,64,no,$9 ,171233
3,Saturday,2006,167634,1680579,79,61,no,$9 ,222194
4,Sunday,2006,166849,1680579,84,60,no,$9 ,209969
5,Monday,2006,117826,1680579,70,65,yes,$9 ,144504
6,Tuesday,2006,106192,1680579,77,58,no,$9 ,136987
7,Wednesday,2006,128966,1680579,81,58,no,$9 ,145531
8,Thursday,2006,137894,1680579,78,61,no,$9 ,156764
9,Friday,2006,170053,1680579,77,58,no,$9 ,225521
10,Saturday,2006,194032,1680579,75,61,no,$9 ,270426
11,Sunday,2006,142949,1680579,67,60,yes,$9 ,256015
12,Monday,2006,160209,1680579,78,59,no,$9 ,184740
1,Thursday,2005,101632,1632876,83,68,no,$9 ,138875
2,Friday,2005,103919,1632876,79,62,yes,$9 ,171233
3,Saturday,2005,171503,1632876,79,59,no,$9 ,222194
4,Sunday,2005,174925,1632876,79,59,no,$9 ,209969
5,Monday,2005,121951,1632876,79,60,no,$9 ,144504
6,Tuesday,2005,108551,1632876,77,61,no,$9 ,136987
7,Wednesday,2005,93549,1632876,78,59,no,$9 ,145531
8,Thursday,2005,116142,1632876,79,57,no,$9 ,156764
9,Friday,2005,140017,1632876,77,55,no,$9 ,225521
10,Saturday,2005,174544,1632876,72,54,yes,$9 ,270426
11,Sunday,2005,189745,1632876,80,62,yes,$9 ,256015
12,Monday,2005,136398,1632876,87,66,no,$9 ,184740
1,Thursday,2004,101915,1631940,76,62,no,$9 ,138875
2,Friday,2004,129827,1631940,76,59,no,$9 ,171233
3,Saturday,2004,175115,1631940,72,55,no,$9 ,222194
4,Sunday,2004,164672,1631940,72,54,yes,$9 ,209969
5,Monday,2004,126518,1631940,77,57,no,$9 ,144504
6,Tuesday,2004,103336,1631940,81,58,no,$9 ,136987
7,Wednesday,2004,92697,1631940,87,62,no,$9 ,145531
8,Thursday,2004,99953,1631940,88,71,no,$9 ,156764
9,Friday,2004,137101,1631940,86,66,no,$9 ,225521
10,Saturday,2004,204934,1631940,87,66,no,$9 ,270426
11,Sunday,2004,158733,1631940,85,70,yes,$9 ,256015
12,Monday,2004,137139,1631940,75,57,no,$9 ,184740
1,Thursday,2003,107884,1741825,82,66,no,$9 ,138875
2,Friday,2003,121743,1741825,84,60,no,$9 ,171233
3,Saturday,2003,177325,1741825,87,66,no,$9 ,222194
4,Sunday,2003,159165,1741825,97,72,no,$9 ,209969
5,Monday,2003,108188,1741825,83,61,no,$9 ,144504
6,Tuesday,2003,100114,1741825,92,71,no,$9 ,136987
7,Wednesday,2003,109897,1741825,83,61,no,$9 ,145531
8,Thursday,2003,120743,1741825,89,67,no,$9 ,156764
9,Friday,2003,179052,1741825,72,59,no,$9 ,225521
10,Saturday,2003,214276,1741825,76,53,no,$9 ,270426
11,Sunday,2003,211573,1741825,75,54,no,$9 ,256015
12,Monday,2003,131865,1741825,80,55,no,$9 ,184740
1,Thursday,2002,92134,1706486,74,63,yes,$8 ,138875
2,Friday,2002,107874,1706486,73,65,no,$8 ,171233
3,Saturday,2002,170825,1706486,83,61,no,$8 ,222194
4,Sunday,2002,173722,1706486,84,61,no,$8 ,209969
5,Monday,2002,131067,1706486,83,61,no,$8 ,144504
6,Tuesday,2002,102011,1706486,82,66,no,$8 ,136987
7,Wednesday,2002,97864,1706486,81,67,yes,$8 ,145531
8,Thursday,2002,126082,1706486,81,68,yes,$8 ,156764
9,Friday,2002,172367,1706486,80,64,no,$8 ,225521
10,Saturday,2002,213476,1706486,83,67,no,$8 ,270426
11,Sunday,2002,182678,1706486,87,68,yes,$8 ,256015
12,Monday,2002,136386,1706486,83,64,no,$8 ,184740
1,Thursday,2001,103099,1762976,85,67,no,$7 ,138875
2,Friday,2001,110994,1762976,83,62,no,$7 ,171233
3,Saturday,2001,173419,1762976,81,65,no,$7 ,222194
4,Sunday,2001,174275,1762976,81,58,no,$7 ,209969
5,Monday,2001,134922,1762976,81,66,no,$7 ,144504
6,Tuesday,2001,110376,1762976,83,56,no,$7 ,136987
7,Wednesday,2001,90405,1762976,81,61,yes,$7 ,145531
8,Thursday,2001,137588,1762976,79,65,yes,$7 ,156764
9,Friday,2001,164166,1762976,76,53,no,$7 ,225521
10,Saturday,2001,221637,1762976,75,50,no,$7 ,270426
11,Sunday,2001,205853,1762976,86,61,no,$7 ,256015
12,Monday,2001,136242,1762976,83,63,no,$7 ,184740
1,Thursday,2000,99436,1682625,83,64,no,$7 ,138875
2,Friday,2000,116370,1682625,82,67,no,$7 ,171233
3,Saturday,2000,178395,1682625,82,63,yes,$7 ,222194
4,Sunday,2000,179573,1682625,77,65,no,$7 ,209969
5,Monday,2000,129749,1682625,79,65,no,$7 ,144504
6,Tuesday,2000,104574,1682625,75,55,no,$7 ,136987
7,Wednesday,2000,101780,1682625,84,63,no,$7 ,145531
8,Thursday,2000,107751,1682625,86,64,no,$7 ,156764
9,Friday,2000,143757,1682625,65,59,no,$7 ,225521
10,Saturday,2000,207787,1682625,72,59,yes,$7 ,270426
11,Sunday,2000,179943,1682625,74,58,no,$7 ,256015
12,Monday,2000,122510,1682625,68,55,no,$7 ,184740
1,Thursday,1999,109643,1674450,85,61,no,$6 ,138875
2,Friday,1999,116426,1674450,91,69,no,$6 ,171233
3,Saturday,1999,185704,1674450,83,66,no,$6 ,222194
4,Sunday,1999,199754,1674450,74,62,no,$6 ,209969
5,Monday,1999,121749,1674450,72,59,no,$6 ,144504
6,Tuesday,1999,103521,1674450,82,61,no,$6 ,136987
7,Wednesday,1999,83758,1674450,87,63,no,$6 ,145531
8,Thursday,1999,91827,1674450,90,71,yes,$6 ,156764
9,Friday,1999,114024,1674450,91,69,no,$6 ,225521
10,Saturday,1999,187851,1674450,83,67,no,$6 ,270426
11,Sunday,1999,215761,1674450,69,51,yes,$6 ,256015
12,Monday,1999,144432,1674450,78,50,no,$6 ,184740
1,Thursday,1998,97621,1689034,75,64,yes,$6 ,138875
2,Friday,1998,123225,1689034,85,65,no,$6 ,171233
3,Saturday,1998,202126,1689034,81,58,no,$6 ,222194
4,Sunday,1998,193518,1689034,80,52,no,$6 ,209969
5,Monday,1998,136400,1689034,77,56,no,$6 ,144504
6,Tuesday,1998,94776,1689034,78,49,no,$6 ,136987
7,Wednesday,1998,90150,1689034,74,46,no,$6 ,145531
8,Thursday,1998,104259,1689034,79,57,no,$6 ,156764
9,Friday,1998,131405,1689034,84,51,no,$6 ,225521
10,Saturday,1998,202787,1689034,90,60,no,$6 ,270426
11,Sunday,1998,176321,1689034,81,65,no,$6 ,256015
12,Monday,1998,136446,1689034,73,54,no,$6 ,184740
1,Thursday,1997,107225,1683454,76,52,no,$6 ,138875
2,Friday,1997,115078,1683454,74,52,no,$6 ,171233
3,Saturday,1997,171032,1683454,84,60,yes,$6 ,222194
4,Sunday,1997,181627,1683454,77,62,no,$6 ,209969
5,Monday,1997,122956,1683454,78,60,no,$6 ,144504
6,Tuesday,1997,99190,1683454,83,66,no,$6 ,136987
7,Wednesday,1997,103758,1683454,85,65,no,$6 ,145531
8,Thursday,1997,140246,1683454,79,60,no,$6 ,156764
9,Friday,1997,140852,1683454,76,62,no,$6 ,225521
10,Saturday,1997,202259,1683454,82,65,yes,$6 ,270426
11,Sunday,1997,183386,1683454,84,61,no,$6 ,256015
12,Monday,1997,115845,1683454,86,67,yes,$6 ,184740
1,Thursday,1996,80124,1673976,80,58,yes,$5 ,138875
2,Friday,1996,113631,1673976,83,52,no,$5 ,171233
3,Saturday,1996,169353,1673976,83,56,no,$5 ,222194
4,Sunday,1996,173537,1673976,89,63,yes,$5 ,209969
5,Monday,1996,124966,1673976,77,60,no,$5 ,144504
6,Tuesday,1996,103200,1673976,75,51,no,$5 ,136987
7,Wednesday,1996,107873,1673976,80,53,no,$5 ,145531
8,Thursday,1996,135537,1673976,83,54,no,$5 ,156764
9,Friday,1996,150748,1673976,82,57,no,$5 ,225521
10,Saturday,1996,203293,1673976,83,59,no,$5 ,270426
11,Sunday,1996,189630,1673976,84,60,no,$5 ,256015
12,Monday,1996,122084,1673976,86,68,no,$5 ,184740
1,Thursday,1995,64865,1673312,83,70,yes,$5 ,138875
2,Friday,1995,110090,1673312,88,69,no,$5 ,171233
3,Saturday,1995,158045,1673312,79,66,yes,$5 ,222194
4,Sunday,1995,183698,1673312,78,65,yes,$5 ,209969
5,Monday,1995,107915,1673312,85,69,yes,$5 ,144504
6,Tuesday,1995,90148,1673312,79,67,yes,$5 ,136987
7,Wednesday,1995,97327,1673312,90,69,no,$5 ,145531
8,Thursday,1995,155183,1673312,79,60,no,$5 ,156764
9,Friday,1995,159106,1673312,80,52,no,$5 ,225521
10,Saturday,1995,225249,1673312,84,61,no,$5 ,270426
11,Sunday,1995,196219,1673312,85,65,no,$5 ,256015
12,Monday,1995,125467,1673312,87,64,no,$5 ,184740
1,Thursday,1994,63646,1561930,93,64,yes,$5 ,138875
2,Friday,1994,107596,1561930,82,61,no,$5 ,171233
3,Saturday,1994,146450,1561930,89,65,no,$5 ,222194
4,Sunday,1994,209969,1561930,72,53,no,$5 ,209969
5,Monday,1994,143998,1561930,74,51,no,$5 ,144504
6,Tuesday,1994,87705,1561930,68,55,yes,$5 ,136987
7,Wednesday,1994,103050,1561930,69,50,no,$5 ,145531
8,Thursday,1994,116611,1561930,67,47,no,$5 ,156764
9,Friday,1994,108075,1561930,60,51,yes,$5 ,225521
10,Saturday,1994,193650,1561930,69,54,yes,$5 ,270426
11,Sunday,1994,137556,1561930,63,58,yes,$5 ,256015
12,Monday,1994,143624,1561930,75,58,no,$5 ,184740
1,Thursday,1993,76410,1601325,89,70,yes,$4.50 ,138875
2,Friday,1993,118916,1601325,77,62,yes,$4.50 ,171233
3,Saturday,1993,171963,1601325,75,57,no,$4.50 ,222194
4,Sunday,1993,157163,1601325,74,62,no,$4.50 ,209969
5,Monday,1993,95619,1601325,72,56,yes,$4.50 ,144504
6,Tuesday,1993,118036,1601325,70,49,no,$4.50 ,136987
7,Wednesday,1993,114256,1601325,74,51,no,$4.50 ,145531
8,Thursday,1993,112207,1601325,77,59,no,$4.50 ,156764
9,Friday,1993,142843,1601325,69,52,no,$4.50 ,225521
10,Saturday,1993,198124,1601325,73,53,no,$4.50 ,270426
11,Sunday,1993,179616,1601325,65,44,no,$4.50 ,256015
12,Monday,1993,116172,1601325,69,46,no,$4.50 ,184740
1,Thursday,1992,104461,1550603,70,52,no,$4 ,138875
2,Friday,1992,118135,1550603,72,51,no,$4 ,171233
3,Saturday,1992,164029,1550603,80,56,no,$4 ,222194
4,Sunday,1992,167001,1550603,69,54,no,$4 ,209969
5,Monday,1992,116458,1550603,69,45,no,$4 ,144504
6,Tuesday,1992,87139,1550603,70,51,yes,$4 ,136987
7,Wednesday,1992,95995,1550603,74,62,no,$4 ,145531
8,Thursday,1992,131099,1550603,72,51,no,$4 ,156764
9,Friday,1992,119960,1550603,73,56,yes,$4 ,225521
10,Saturday,1992,158761,1550603,77,62,yes,$4 ,270426
11,Sunday,1992,199951,1550603,72,51,no,$4 ,256015
12,Monday,1992,87614,1550603,74,50,yes,$4 ,184740
1,Thursday,1991,71242,1488810,81,57,no,$4 ,138875
2,Friday,1991,96665,1488810,78,64,yes,$4 ,171233
3,Saturday,1991,165372,1488810,87,66,no,$4 ,222194
4,Sunday,1991,147805,1488810,89,70,yes,$4 ,209969
5,Monday,1991,105494,1488810,92,75,no,$4 ,144504
6,Tuesday,1991,87982,1488810,91,71,no,$4 ,136987
7,Wednesday,1991,97569,1488810,90,69,no,$4 ,145531
8,Thursday,1991,112279,1488810,90,71,yes,$4 ,156764
9,Friday,1991,128513,1488810,92,66,no,$4 ,225521
10,Saturday,1991,196658,1488810,76,56,no,$4 ,270426
11,Sunday,1991,175689,1488810,76,54,no,$4 ,256015
12,Monday,1991,103542,1488810,85,59,no,$4 ,184740
1,Thursday,1990,72998,1528688,76,66,no,$4 ,138875
2,Friday,1990,101472,1528688,84,71,no,$4 ,171233
3,Saturday,1990,161036,1528688,89,66,no,$4 ,222194
4,Sunday,1990,142531,1528688,85,66,yes,$4 ,209969
5,Monday,1990,104980,1528688,89,72,no,$4 ,144504
6,Tuesday,1990,92234,1528688,80,64,no,$4 ,136987
7,Wednesday,1990,117904,1528688,82,58,no,$4 ,145531
8,Thursday,1990,134130,1528688,86,58,no,$4 ,156764
9,Friday,1990,124491,1528688,84,67,no,$4 ,225521
10,Saturday,1990,220665,1528688,89,63,no,$4 ,270426
11,Sunday,1990,179654,1528688,83,60,no,$4 ,256015
12,Monday,1990,96593,1528688,83,64,yes,$4 ,184740
1,Thursday,1989,70933,1551361,76,59,no,$4 ,138875
2,Friday,1989,101498,1551361,75,59,no,$4 ,171233
3,Saturday,1989,153106,1551361,80,62,yes,$4 ,222194
4,Sunday,1989,172225,1551361,81,60,no,$4 ,209969
5,Monday,1989,115017,1551361,81,65,yes,$4 ,144504
6,Tuesday,1989,105033,1551361,75,61,no,$4 ,136987
7,Wednesday,1989,96666,1551361,69,55,yes,$4 ,145531
8,Thursday,1989,111360,1551361,79,62,yes,$4 ,156764
9,Friday,1989,153070,1551361,74,56,yes,$4 ,225521
10,Saturday,1989,207259,1551361,76,53,no,$4 ,270426
11,Sunday,1989,170584,1551361,73,57,no,$4 ,256015
12,Monday,1989,94610,1551361,77,60,yes,$4 ,184740
1,Thursday,1988,87414,1621279,75,60,no,$3.75 ,138875
2,Friday,1988,109426,1621279,79,52,no,$3.75 ,171233
3,Saturday,1988,181385,1621279,71,50,yes,$3.75 ,222194
4,Sunday,1988,175622,1621279,67,46,no,$3.75 ,209969
5,Monday,1988,127208,1621279,75,48,no,$3.75 ,144504
6,Tuesday,1988,109731,1621279,77,50,no,$3.75 ,136987
7,Wednesday,1988,99836,1621279,86,55,no,$3.75 ,145531
8,Thursday,1988,130315,1621279,76,62,yes,$3.75 ,156764
9,Friday,1988,134065,1621279,83,57,no,$3.75 ,225521
10,Saturday,1988,179329,1621279,67,55,yes,$3.75 ,270426
11,Sunday,1988,177312,1621279,74,54,yes,$3.75 ,256015
12,Monday,1988,109636,1621279,67,43,no,$3.75 ,184740
1,Thursday,1987,85221,1612178,70,59,yes,$3.50 ,138875
2,Friday,1987,108223,1612178,75,59,yes,$3.50 ,171233
3,Saturday,1987,176299,1612178,80,54,no,$3.50 ,222194
4,Sunday,1987,180911,1612178,72,55,no,$3.50 ,209969
5,Monday,1987,124684,1612178,69,47,no,$3.50 ,144504
6,Tuesday,1987,97850,1612178,78,50,no,$3.50 ,136987
7,Wednesday,1987,104920,1612178,72,50,no,$3.50 ,145531
8,Thursday,1987,137219,1612178,77,54,no,$3.50 ,156764
9,Friday,1987,128473,1612178,85,61,no,$3.50 ,225521
10,Saturday,1987,184642,1612178,84,65,no,$3.50 ,270426
11,Sunday,1987,182225,1612178,77,58,no,$3.50 ,256015
12,Monday,1987,101511,1612178,79,50,no,$3.50 ,184740
1,Thursday,1986,82463,1565349,71,54,no,$3.50 ,138875
2,Friday,1986,77509,1565349,76,52,yes,$3.50 ,171233
3,Saturday,1986,184216,1565349,73,58,no,$3.50 ,222194
4,Sunday,1986,144624,1565349,67,57,yes,$3.50 ,209969
5,Monday,1986,131657,1565349,85,53,no,$3.50 ,144504
6,Tuesday,1986,88688,1565349,71,62,no,$3.50 ,136987
7,Wednesday,1986,103381,1565349,63,52,no,$3.50 ,145531
8,Thursday,1986,136480,1565349,69,44,no,$3.50 ,156764
9,Friday,1986,130132,1565349,70,46,no,$3.50 ,225521
10,Saturday,1986,209435,1565349,76,47,no,$3.50 ,270426
11,Sunday,1986,177944,1565349,83,57,no,$3.50 ,256015
12,Monday,1986,98820,1565349,83,63,no,$3.50 ,184740
1,Thursday,1985,65961,1496014,71,61,no,$3.50 ,138875
2,Friday,1985,106602,1496014,76,62,yes,$3.50 ,171233
3,Saturday,1985,152279,1496014,65,55,no,$3.50 ,222194
4,Sunday,1985,174921,1496014,78,56,no,$3.50 ,209969
5,Monday,1985,88904,1496014,81,54,no,$3.50 ,144504
6,Tuesday,1985,88861,1496014,76,61,no,$3.50 ,136987
7,Wednesday,1985,64966,1496014,70,63,yes,$3.50 ,145531
8,Thursday,1985,106659,1496014,70,58,yes,$3.50 ,156764
9,Friday,1985,126958,1496014,69,55,no,$3.50 ,225521
10,Saturday,1985,183859,1496014,74,57,no,$3.50 ,270426
11,Sunday,1985,200404,1496014,76,60,no,$3.50 ,256015
12,Monday,1985,135640,1496014,82,56,yes,$3.50 ,184740
1,Thursday,1984,77118,1446450,73,50,no,$3.50 ,138875
2,Friday,1984,107577,1446450,75,55,no,$3.50 ,171233
3,Saturday,1984,158757,1446450,80,61,yes,$3.50 ,222194
4,Sunday,1984,116986,1446450,85,66,yes,$3.50 ,209969
5,Monday,1984,83814,1446450,92,68,no,$3.50 ,144504
6,Tuesday,1984,77875,1446450,94,70,yes,$3.50 ,136987
7,Wednesday,1984,91143,1446450,82,60,no,$3.50 ,145531
8,Thursday,1984,130814,1446450,73,51,no,$3.50 ,156764
9,Friday,1984,121117,1446450,75,50,no,$3.50 ,225521
10,Saturday,1984,155657,1446450,67,60,no,$3.50 ,270426
11,Sunday,1984,195083,1446450,63,57,no,$3.50 ,256015
12,Monday,1984,130509,1446450,71,53,yes,$3.50 ,184740
1,Thursday,1983,66148,1347884,88,69,no,$3.25 ,138875
2,Friday,1983,106102,1347884,90,71,yes,$3.25 ,171233
3,Saturday,1983,153170,1347884,90,72,no,$3.25 ,222194
4,Sunday,1983,135405,1347884,88,70,no,$3.25 ,209969
5,Monday,1983,64092,1347884,91,69,yes,$3.25 ,144504
6,Tuesday,1983,85582,1347884,83,69,no,$3.25 ,136987
7,Wednesday,1983,86783,1347884,81,61,no,$3.25 ,145531
8,Thursday,1983,108076,1347884,86,62,no,$3.25 ,156764
9,Friday,1983,116566,1347884,92,69,no,$3.25 ,225521
10,Saturday,1983,176718,1347884,81,70,no,$3.25 ,270426
11,Sunday,1983,147631,1347884,76,68,yes,$3.25 ,256015
12,Monday,1983,101611,1347884,76,64,yes,$3.25 ,184740
1,Thursday,1982,62476,1321785,80,56,yes,$3.25 ,138875
2,Friday,1982,106410,1321785,67,48,no,$3.25 ,171233
3,Saturday,1982,159152,1321785,69,55,no,$3.25 ,222194
4,Sunday,1982,113833,1321785,69,60,yes,$3.25 ,209969
5,Monday,1982,79969,1321785,76,56,no,$3.25 ,144504
6,Tuesday,1982,61458,1321785,73,62,yes,$3.25 ,136987
7,Wednesday,1982,79677,1321785,81,65,no,$3.25 ,145531
8,Thursday,1982,112190,1321785,72,57,no,$3.25 ,156764
9,Friday,1982,115368,1321785,75,50,no,$3.25 ,225521
10,Saturday,1982,187444,1321785,82,53,yes,$3.25 ,270426
11,Sunday,1982,155613,1321785,75,54,yes,$3.25 ,256015
12,Monday,1982,88195,1321785,68,51,no,$3.25 ,184740
1,Thursday,1981,51890,1414809,71,64,yes,$3 ,138875
2,Friday,1981,85950,1414809,68,62,yes,$3 ,171233
3,Saturday,1981,180860,1414809,73,62,no,$3 ,222194
4,Sunday,1981,164532,1414809,81,59,no,$3 ,209969
5,Monday,1981,64850,1414809,83,63,no,$3 ,144504
6,Tuesday,1981,81947,1414809,67,53,no,$3 ,136987
7,Wednesday,1981,96382,1414809,74,46,no,$3 ,145531
8,Thursday,1981,107985,1414809,71,53,no,$3 ,156764
9,Friday,1981,114842,1414809,71,50,no,$3 ,225521
10,Saturday,1981,192487,1414809,71,53,no,$3 ,270426
11,Sunday,1981,172943,1414809,81,55,no,$3 ,256015
12,Monday,1981,100141,1414809,74,57,yes,$3 ,184740
1,Thursday,1980,63643,1325360,81,60,no,$3 ,138875
2,Friday,1980,107503,1325360,84,54,no,$3 ,171233
3,Saturday,1980,145811,1325360,80,67,yes,$3 ,222194
4,Sunday,1980,148525,1325360,82,68,no,$3 ,209969
5,Monday,1980,69978,1325360,90,69,yes,$3 ,144504
6,Tuesday,1980,79616,1325360,73,58,yes,$3 ,136987
7,Wednesday,1980,86111,1325360,68,58,no,$3 ,145531
8,Thursday,1980,111987,1325360,75,61,no,$3 ,156764
9,Friday,1980,107710,1325360,88,67,yes,$3 ,225521
10,Saturday,1980,174238,1325360,78,56,no,$3 ,270426
11,Sunday,1980,130080,1325360,62,55,yes,$3 ,256015
12,Monday,1980,100158,1325360,74,58,no,$3 ,184740
1,Thursday,1979,69001,1405669,68,60,no,$2 ,138875
2,Friday,1979,118844,1405669,64,64,no,$2 ,171233
3,Saturday,1979,186500,1405669,79,49,no,$2 ,222194
4,Sunday,1979,111970,1405669,69,60,yes,$2 ,209969
5,Monday,1979,78859,1405669,74,60,ni,$2 ,144504
6,Tuesday,1979,63498,1405669,73,59,yes,$2 ,136987
7,Wednesday,1979,99529,1405669,87,58,no,$2 ,145531
8,Thursday,1979,105184,1405669,82,63,no,$2 ,156764
9,Friday,1979,97222,1405669,92,71,no,$2 ,225521
10,Saturday,1979,191726,1405669,83,68,yes,$2 ,270426
11,Sunday,1979,182070,1405669,76,57,no,$2 ,256015
12,Monday,1979,101266,1405669,76,52,no,$2 ,184740
1,Thursday,1978,60047,1386457,82,64,no,$2 ,138875
2,Friday,1978,104063,1386457,86,66,no,$2 ,171233
3,Saturday,1978,182665,1386457,79,69,no,$2 ,222194
4,Sunday,1978,121873,1386457,77,68,yes,$2 ,209969
5,Monday,1978,73945,1386457,77,62,no,$2 ,144504
6,Tuesday,1978,82595,1386457,81,53,no,$2 ,136987
7,Wednesday,1978,90995,1386457,76,55,no,$2 ,145531
8,Thursday,1978,101850,1386457,79,58,yes,$2 ,156764
9,Friday,1978,94748,1386457,85,63,no,$2 ,225521
10,Saturday,1978,182083,1386457,89,69,no,$2 ,270426
11,Sunday,1978,173772,1386457,88,62,no,$2 ,256015
12,Monday,1978,100965,1386457,89,64,no,$2 ,184740
1,Thursday,1977,57250,1299017,68,56,yes,$2 ,138875
2,Friday,1977,101582,1299017,89,69,yes,$2 ,171233
3,Saturday,1977,136252,1299017,88,69,yes,$2 ,222194
4,Sunday,1977,141107,1299017,70,56,no,$2 ,209969
5,Monday,1977,76697,1299017,76,52,no,$2 ,144504
6,Tuesday,1977,65112,1299017,76,62,yes,$2 ,136987
7,Wednesday,1977,69150,1299017,77,61,yes,$2 ,145531
8,Thursday,1977,84277,1299017,73,55,yes,$2 ,156764
9,Friday,1977,99368,1299017,71,57,no,$2 ,225521
10,Saturday,1977,178793,1299017,74,56,yes,$2 ,270426
11,Sunday,1977,162053,1299017,75,65,yes,$2 ,256015
12,Monday,1977,109573,1299017,74,61,no,$2 ,184740
1,Thursday,1976,62591,1266328,93,68,no,$2 ,138875
2,Friday,1976,99418,1266328,81,62,yes,$2 ,171233
3,Saturday,1976,149318,1266328,73,56,no,$2 ,222194
4,Sunday,1976,130651,1266328,76,48,no,$2 ,209969
5,Monday,1976,69556,1266328,87,57,no,$2 ,144504
6,Tuesday,1976,65800,1266328,81,59,yes,$2 ,136987
7,Wednesday,1976,76956,1266328,67,56,yes,$2 ,145531
8,Thursday,1976,92550,1266328,82,53,no,$2 ,156764
9,Friday,1976,86740,1266328,83,62,no,$2 ,225521
10,Saturday,1976,159634,1266328,79,50,no,$2 ,270426
11,Sunday,1976,152278,1266328,87,54,no,$2 ,256015
12,Monday,1976,109990,1266328,92,59,no,$2 ,184740
1,Thursday,1975,62387,1385242,80,68,yes,$2 ,138875
2,Friday,1975,124485,1385242,72,65,yes,$2 ,171233
3,Saturday,1975,164621,1385242,91,67,yes,$2 ,222194
4,Sunday,1975,149349,1385242,88,70,no,$2 ,209969
5,Monday,1975,105965,1385242,76,60,no,$2 ,144504
6,Tuesday,1975,113562,1385242,71,55,no,$2 ,136987
7,Wednesday,1975,136816,1385242,80,50,no,$2 ,145531
8,Thursday,1975,114455,1385242,79,68,yes,$2 ,156764
9,Friday,1975,124110,1385242,75,67,no,$2 ,225521
10,Saturday,1975,184203,1385242,70,61,no,$2 ,270426
11,Sunday,1975,182857,1385242,79,55,no,$2 ,256015
12,Monday,1975,109851,1385242,83,64,no,$2 ,184740